url,sha256,bytes,local
https://cdn.prod.website-files.com/6650fd2c16620e74c47757f6/6658e5a9a386bf0eb1b0c6a0_Main-Picture.jpg,1b583d95796868a9a43b3033fd980ac3fdfbafc18af108a56d2191758e84b61e,109711,1b583d95796868a9__6658e5a9a386bf0eb1b0c6a0-main-picture.jpg
https://cdn.prod.website-files.com/6650fd2c16620e74c47757f6/6659037c0fab9f0937fe7130_picture.png,c910f510fb5c43382591205b6d7a9dfda4315c73455ef543ddb869cd81541db7,2480367,c910f510fb5c4338__6659037c0fab9f0937fe7130-picture.png
https://cdn.prod.website-files.com/6650fd2c16620e74c47757f6/66591cff761a876e791ad585_1.png,42ed620bdfa241df8e0f3bb3ceab0cc8beb65df05e457eddfb7a338c140cba46,764515,42ed620bdfa241df__66591cff761a876e791ad585-1.png
https://cdn.prod.website-files.com/6650fd2c16620e74c47757f6/66591defc9bd4c2b2a6fd8c8_2.png,8d8150818e3cb4dd7c25393e460ed43a76de73d38eb06eda3a200aa1d31b1da6,533935,8d8150818e3cb4dd__66591defc9bd4c2b2a6fd8c8-2.png
https://cdn.prod.website-files.com/6650fd2c16620e74c47757f6/66591fc962e8774f9117068b_3.png,6d366da8c5b18b8b3ead4db3514ec07c637c1c49cc5335ad777b4ec378d74057,534982,6d366da8c5b18b8b__66591fc962e8774f9117068b-3.png
https://cdn.prod.website-files.com/6650fd2c16620e74c47757f6/67350550270472b1de28dba3_Link.svg,674b13cca1acd079ede63f7cdb1ea73f91d09a67e8ea9fb10f163254463f21e1,782,674b13cca1acd079__67350550270472b1de28dba3-link.svg
https://cdn.prod.website-files.com/6650fd2c16620e74c47757f6/673505503e9787a64371059f_Face.svg,6720aed2f7b551710720d046ae5ab383483ad99dff55d92187e394e48ecbae5b,649,6720aed2f7b55171__673505503e9787a64371059f-face.svg
https://cdn.prod.website-files.com/6650fd2c16620e74c47757f6/67350550ecd34bc66b17cbe5_Insta.svg,c4bda9639ef202ee43ada42c8db182e264539e1a37abb606b538e4dca5990ae1,759,c4bda9639ef202ee__67350550ecd34bc66b17cbe5-insta.svg
https://cdn.prod.website-files.com/6650fd2c16620e74c47757f6/678076a8aa08ffbbdb095352_News.svg,981a11ffc9b1a503887e3ea0bc188f6efae0b6a8d2840397db0e7d41e1fe825e,1969,981a11ffc9b1a503__678076a8aa08ffbbdb095352-news.svg
https://cdn.prod.website-files.com/6650fd2c16620e74c47757f6/678077e42e9acb0cea7a50aa_Logo White.svg,965cad274cefef43104eefdbec24d98c192a6ecaf7dd3d16ce179e1a6e42374d,13632,965cad274cefef43__678077e42e9acb0cea7a50aa-logo-white.svg
https://cdn.prod.website-files.com/6650fd2c16620e74c47757f6/6780790e9529784dfd544ee0_Icon Top 1.svg,324d74ff41fcd989e7dcb2dd9c773f06657160924be84ddb81a40dd90d46ec8d,1008,324d74ff41fcd989__6780790e9529784dfd544ee0-icon-top-1.svg
https://cdn.prod.website-files.com/6650fd2c16620e74c47757f6/6780790ea76025cecb2cbc00_Icon Top 2.svg,d5d5ec0869320255297814570441a05695ce833d70b5b2242efa75a99a063471,1749,d5d5ec0869320255__6780790ea76025cecb2cbc00-icon-top-2.svg
https://cdn.prod.website-files.com/6650fd2c16620e74c47757f6/67807ad95e4e63e62cd9040e_Logo Black.svg,cf50fd33bcdc722ee6b1cbce450b40f8cec58def53b8e3c68a94fa09fd508468,13635,cf50fd33bcdc722e__67807ad95e4e63e62cd9040e-logo-black.svg
https://cdn.prod.website-files.com/6650fd2c16620e74c47757f6/6785bf353063de8bcbcf3dfc_Icon 13.svg,663a09474245007568d65c36792c57ce444b2dfd5e06ac63e26b0a030da4965b,3238,663a094742450075__6785bf353063de8bcbcf3dfc-icon-13.svg
https://cdn.prod.website-files.com/6650fd2c16620e74c47757f6/6849e6147012d174d25cfab6_1700-N-University-Dr-Coral-Springs-FL-Aerial-2-LargeHighDefinition copia.webp,d5b0783fc627c3c35dd845b5b73f4df79d021f86aae4a2ebabc159b3447f39b7,268202,d5b0783fc627c3c3__6849e6147012d174d25cfab6-1700-n-university-dr-coral-springs-fl-aerial-2-largehighdefinition-copia.webp
https://cdn.prod.website-files.com/6650fd2c16620e74c47757f6/684a14073e3e3c127cc2a314_Logo Google Reviews.svg,75b00f7de7a59079d06412a0d561f67b94104ad6ee417c21e18170752bd1fc99,1051,75b00f7de7a59079__684a14073e3e3c127cc2a314-logo-google-reviews.svg
https://cdn.prod.website-files.com/6650fd2c16620e74c47757f6/684a14073e3e3c127cc2a315_Starts.svg,3ab0dbe31c2c874be96368ef3cb2ff149dc9c3e381cc7b1a3f0321481587e37b,996,3ab0dbe31c2c874b__684a14073e3e3c127cc2a315-starts.svg
https://cdn.prod.website-files.com/6650fd2c16620e74c47757f6/684a15893000dfa033be0899_684a120d78059a4010848353_Arow.svg,7802ce695ba9d42ebcea2325c371716878a323cb261836b2a823a1d377256da0,515,7802ce695ba9d42e__684a15893000dfa033be0899-684a120d78059a4010848353-arow.svg
https://cdn.prod.website-files.com/6650fd2c16620e74c47757f6/68701233f93e3383147d1a60_validation.png,09be1a75a2f97793fdeb0152a25419dabd9560e6d34739a5927d4c99d4e24701,18802,09be1a75a2f97793__68701233f93e3383147d1a60-validation.png
https://cdn.prod.website-files.com/6650fd2c16620e74c47757f6/6870123fd6bfee6489fdaeac_bilingual.png,b5c93ef6de3068d19645b2857ed5c1457acbaeb123ecc104fc11f426850a6301,9462,b5c93ef6de3068d1__6870123fd6bfee6489fdaeac-bilingual.png
https://cdn.prod.website-files.com/6650fd2c16620e74c47757f6/6870124c5e68d92f652dbf9d_financial-statement.png,5409259dba3f11df09be8cb6aa4d423da90bdc680d4bd1404b79a9e170f419bc,13209,5409259dba3f11df__6870124c5e68d92f652dbf9d-financial-statement.png
https://cdn.prod.website-files.com/6650fd2c16620e74c47757f6/68701296d6420dd033c71c8d_satisfaction.png,af3ae105ce6c518052ffff92fafce8430981f38575eee0a85fa83768e6b86495,18406,af3ae105ce6c5180__68701296d6420dd033c71c8d-satisfaction.png
https://cdn.prod.website-files.com/6650fd2c16620e74c47757f6/6870159e4206bf0d27b834a9_MIssion.webp,dbd32c223afde5fbcb31c299d50313dd7def142e3c7ebcca4c345e1e4c33bcb6,71652,dbd32c223afde5fb__6870159e4206bf0d27b834a9-mission.webp
https://cdn.prod.website-files.com/6650fd2c16620e74c47757f6/6870159ea2fefa14c4296c25_Vision.webp,2d0bd254bcb35735597c30ebef092a01e6b38d4455ef147228fd3bfc739e259e,65502,2d0bd254bcb35735__6870159ea2fefa14c4296c25-vision.webp
https://cdn.prod.website-files.com/6650fd2c16620e74c47757f6/687016debfe3ef2db438a9c2_Favicon-1.png,f9e2dbc8eaf441fec0bccdf9005487da2593a1f61aed55e83e81aef26212611c,1426,f9e2dbc8eaf441fe__687016debfe3ef2db438a9c2-favicon-1.png
https://cdn.prod.website-files.com/6650fd2c16620e74c47757f6/687016e1a263092297ac6653_FAvicon-2.png,2688bf3f33b2d7d54f0a17878531773c186237aeb07a04d5b8a7e0c283e0e1c8,13240,2688bf3f33b2d7d5__687016e1a263092297ac6653-favicon-2.png
https://cdn.prod.website-files.com/678170788902a9e8a4619459/6785b5e2c83aea3eecd47da2_Icon 1.svg,b2da752318db03bfc1fd340da5490a2bbb7aba8e43cd71b87ce309f7371068ac,2862,b2da752318db03bf__6785b5e2c83aea3eecd47da2-icon-1.svg
https://cdn.prod.website-files.com/678170788902a9e8a4619459/6785b61ec95c333da5f43080_Icon 2.svg,ed78f307801083b00b6f1ef2b22b2f51faff170cdbfc86b4ec3c194510f0e946,1772,ed78f307801083b0__6785b61ec95c333da5f43080-icon-2.svg
https://cdn.prod.website-files.com/678170788902a9e8a4619459/6785b6446164055eec401d0b_Icon 3.svg,c7a24b8744e96d3a108d0e5f7f3192cf65d7dd266644f551c8d1cd4b16ef36e8,2815,c7a24b8744e96d3a__6785b6446164055eec401d0b-icon-3.svg
https://cdn.prod.website-files.com/678170788902a9e8a4619459/6785b66fa1a91b4448ce1223_Icon 4.svg,615ceedb8d606d0161c9c12ceba94e055bc782341e1148f15a448e1e1019b549,1461,615ceedb8d606d01__6785b66fa1a91b4448ce1223-icon-4.svg
https://cdn.prod.website-files.com/678170788902a9e8a4619459/6785b684f461d8504462ebd9_Icon 5.svg,b0939a705a68e2aa6bd2d9f401e74ae1e351463ee0d2f65906a7db6e182bce57,1625,b0939a705a68e2aa__6785b684f461d8504462ebd9-icon-5.svg
https://cdn.prod.website-files.com/678170788902a9e8a4619459/6785b6a09e1cbf949b983ecb_Icon 6.svg,80fe14c0c529b4401e21b265fad49dd9c20c8435941774caa840e3efe23fa3a9,1848,80fe14c0c529b440__6785b6a09e1cbf949b983ecb-icon-6.svg
https://cdn.prod.website-files.com/678170788902a9e8a4619459/6785b6b90149cc0929071216_Icon 7.svg,bb7463dfa39469b768b45fc409586d756e82486e2775631ca6b9dcc930429d81,2751,bb7463dfa39469b7__6785b6b90149cc0929071216-icon-7.svg
https://cdn.prod.website-files.com/678170788902a9e8a4619459/6785b73602a9f911b1751d71_Icon 8.svg,666024d6e8c96629971e05a17507f89f039c1dc6b5edc503989d03d77dfeb03b,1060,666024d6e8c96629__6785b73602a9f911b1751d71-icon-8.svg
https://cdn.prod.website-files.com/678170788902a9e8a4619459/6785b76f02a9f911b17564eb_Icon 9.svg,710fb3ac9ebef30bf76a399831b45c5997c0ff04ddb96c6f86bb0c7c70ea11dc,2329,710fb3ac9ebef30b__6785b76f02a9f911b17564eb-icon-9.svg
https://cdn.prod.website-files.com/678170788902a9e8a4619459/6785b7c8c4787dd5b64902bf_Icon 10.svg,232c66acebe15f3edaa62e424fa202acde073d984853013f75511a8ca8bad99f,721,232c66acebe15f3e__6785b7c8c4787dd5b64902bf-icon-10.svg
https://cdn.prod.website-files.com/678170788902a9e8a4619459/6785b7dca21997c199280a80_Icon 11.svg,cf7d7f6e271478e46f6cc9a026a71363a7f4f985c59fc1da9aa1fe99fd1b6eb4,1079,cf7d7f6e271478e4__6785b7dca21997c199280a80-icon-11.svg
https://cdn.prod.website-files.com/678170788902a9e8a4619459/6785b7f9c95c333da5f5d460_Icon 12.svg,21118b7902a77f5d1d7fd1c7a4cb122077d72029ec53e4777e9c0c2725bb2840,1279,21118b7902a77f5d__6785b7f9c95c333da5f5d460-icon-12.svg
https://cdn.prod.website-files.com/678170788902a9e8a4619459/6794506375edc57c759b3e21_Bilingual Services English Spanish.webp,e8c4fde290323012b25130f09cb9646f47732ec7ab8b7882ec11b35bf6d713fe,70662,e8c4fde290323012__6794506375edc57c759b3e21-bilingual-services-english-spanish.webp
https://cdn.prod.website-files.com/678170788902a9e8a4619459/6794506c3d6035bcb0b845cd_Notary Public Services.webp,b943920df89bd247879ca36023e4bce302bb83516545e1e77bf747232c5133ff,63332,b943920df89bd247__6794506c3d6035bcb0b845cd-notary-public-services.webp
https://cdn.prod.website-files.com/678170788902a9e8a4619459/6794507adb7630acf0622858_Financial Statement Preparation.webp,f96bdb7fba3e5ca57ea5c0e632b1ff155ee891b7d63c95b5beb80ffe8f9df1d2,65244,f96bdb7fba3e5ca5__6794507adb7630acf0622858-financial-statement-preparation.webp
https://cdn.prod.website-files.com/678170788902a9e8a4619459/67945084d65025c48eca83fc_Monthly Bookkeeping & Accounting copia.webp,788911bda7715b8cec6995de888577ca73614177d57d0287cadc467c24b8811d,102208,788911bda7715b8c__67945084d65025c48eca83fc-monthly-bookkeeping-accounting-copia.webp
https://cdn.prod.website-files.com/678170788902a9e8a4619459/6794508c99275dc93718affe_Sales Tax Filing.webp,0d09efe3b83257a0c2210148bd0e5319966c15f8867d6d589b2787f465ed9380,92450,0d09efe3b83257a0__6794508c99275dc93718affe-sales-tax-filing.webp
https://cdn.prod.website-files.com/678170788902a9e8a4619459/6794509201de3828a5dc7606_Audit Assistance.webp,096397789842559de8efca83f8093691730d0a1b327981f2afdbd18ce35e8bf0,161316,096397789842559d__6794509201de3828a5dc7606-audit-assistance.webp
https://cdn.prod.website-files.com/678170788902a9e8a4619459/6794509908d9be124b99d8ad_Representation Before The IRS.webp,a99088628d5cedb1428888a568ddf0f20002961e320958c7065b4cca2cf0449e,226248,a99088628d5cedb1__6794509908d9be124b99d8ad-representation-before-the-irs.webp
https://cdn.prod.website-files.com/678170788902a9e8a4619459/679450c39cc3c0bf31061a61_ITIN Application.webp,606db2b92ad1950a23cb7c5725dce37255f02400e223b26114c728d5a37045ea,127682,606db2b92ad1950a__679450c39cc3c0bf31061a61-itin-application.webp
https://cdn.prod.website-files.com/678170788902a9e8a4619459/679450cb9d9e3571bd8d30c5_EIN Application.webp,d8036bee3162fa4889881f77868ebd101b38e51cbf41745bb1f815d985236d7e,93902,d8036bee3162fa48__679450cb9d9e3571bd8d30c5-ein-application.webp
https://cdn.prod.website-files.com/678170788902a9e8a4619459/679450d1a5d4e9499ea7a3c0_Business Incorporation in Florida.webp,c272b0a20cebb8a2bda2da06a3ce90543ebda80df2a78de7d72cbc5fce02da8a,102678,c272b0a20cebb8a2__679450d1a5d4e9499ea7a3c0-business-incorporation-in-florida.webp
https://cdn.prod.website-files.com/678170788902a9e8a4619459/679450da83b266391389b758_personal taxes.webp,d9f3d7c2bb57113ee0c10c47f10f5d189c90b300ad7333acf39ca3ed93a3a512,142462,d9f3d7c2bb57113e__679450da83b266391389b758-personal-taxes.webp
https://cdn.prod.website-files.com/678170788902a9e8a4619459/679450e0043fd3f235edffdf_Corporate Taxes.webp,7a396e6b136f256f4cd3c2854e0dc9d44e0421fa1892ec299dfc95e5f0dbda44,95640,7a396e6b136f256f__679450e0043fd3f235edffdf-corporate-taxes.webp
https://cdn.prod.website-files.com/678170788902a9e8a4619459/6849f1ad9b9fdb792bee1d57_image8.jpeg,b46838771e10fe4a3a81be5966bc7f7cb0a56011e55c1a2e978398ce867ccff2,39036,b46838771e10fe4a__6849f1ad9b9fdb792bee1d57-image8.jpeg
https://cdn.prod.website-files.com/678170788902a9e8a4619459/6849f1ad9b9fdb792bee1d5a_image9.jpeg,18032b1af73e879d4273a641c30467be947f77e163378724b7e65f760858fdbf,99611,18032b1af73e879d__6849f1ad9b9fdb792bee1d5a-image9.jpeg
https://cdn.prod.website-files.com/678170788902a9e8a4619459/6849f1ad9b9fdb792bee1d5d_image13.jpeg,9816b842a596036e3e16846d4532f43e24ad13ab6fb64f0cd8d1f944c6054d0f,90408,9816b842a596036e__6849f1ad9b9fdb792bee1d5d-image13.jpeg
https://cdn.prod.website-files.com/678170788902a9e8a4619459/6849f1ad9b9fdb792bee1d60_image8.jpeg,b46838771e10fe4a3a81be5966bc7f7cb0a56011e55c1a2e978398ce867ccff2,39036,b46838771e10fe4a__6849f1ad9b9fdb792bee1d60-image8.jpeg
https://cdn.prod.website-files.com/678170788902a9e8a4619459/6849f1ad9b9fdb792bee1d63_image12.jpeg,c4db6c97ceaf8ab5f78b5f678b76b7743872dacd99f671ff896033df9b1fd43c,98473,c4db6c97ceaf8ab5__6849f1ad9b9fdb792bee1d63-image12.jpeg
https://cdn.prod.website-files.com/678170788902a9e8a4619459/6849f1ad9b9fdb792bee1d66_image20.jpeg,0e337c63f51f5b279803e86f2cd8e99ff8bdacd985b490fee9e762bd7b505009,43250,0e337c63f51f5b27__6849f1ad9b9fdb792bee1d66-image20.jpeg
https://cdn.prod.website-files.com/678170788902a9e8a4619459/6849f1ad9b9fdb792bee1d69_image17.jpeg,f5b82b400cc63568df5ecae06fd1baaa5457213fccb9b36c6d627a87c6e1e3cd,104668,f5b82b400cc63568__6849f1ad9b9fdb792bee1d69-image17.jpeg
https://cdn.prod.website-files.com/678170788902a9e8a4619459/6849f1ad9b9fdb792bee1d6c_image20.jpeg,0e337c63f51f5b279803e86f2cd8e99ff8bdacd985b490fee9e762bd7b505009,43250,0e337c63f51f5b27__6849f1ad9b9fdb792bee1d6c-image20.jpeg
https://cdn.prod.website-files.com/678170788902a9e8a4619459/6849f1ad9b9fdb792bee1d6f_image15.jpeg,639566ee82ec8e2b7e8cf8ec41afcfb88c9668b767c1a0ae8679db55029dc23f,94763,639566ee82ec8e2b__6849f1ad9b9fdb792bee1d6f-image15.jpeg
https://cdn.prod.website-files.com/678170788902a9e8a4619459/6849f1ad9b9fdb792bee1d72_image14.jpeg,6c5c5f0e081520be9b9727d6de183c7f41df7aee53047f78501e0286b0feb63c,106501,6c5c5f0e081520be__6849f1ad9b9fdb792bee1d72-image14.jpeg
https://cdn.prod.website-files.com/678170788902a9e8a4619459/6849f1ad9b9fdb792bee1d79_image13.jpeg,9816b842a596036e3e16846d4532f43e24ad13ab6fb64f0cd8d1f944c6054d0f,90408,9816b842a596036e__6849f1ad9b9fdb792bee1d79-image13.jpeg
https://cdn.prod.website-files.com/678170788902a9e8a4619459/6849f1ad9b9fdb792bee1d7c_image16.jpeg,c55487f00c8386b8e5d51c5146595425bf87a8eaa9357a39dcdd313a0d3f7b9b,140375,c55487f00c8386b8__6849f1ad9b9fdb792bee1d7c-image16.jpeg
https://cdn.prod.website-files.com/678170788902a9e8a4619459/6849f1ad9b9fdb792bee1d7f_image11.jpeg,2c04bfc11791c02d1bc57429ebd71a91b47a03aa8620d76c71e60750973e64a5,135571,2c04bfc11791c02d__6849f1ad9b9fdb792bee1d7f-image11.jpeg
https://cdn.prod.website-files.com/678170788902a9e8a4619459/6849f1ad9b9fdb792bee1d82_image1.jpeg,6f8ba19093e072d2a5884c03af2c0ae9cde2ed3245eeb9136570c6532d677ccd,149449,6f8ba19093e072d2__6849f1ad9b9fdb792bee1d82-image1.jpeg
https://cdn.prod.website-files.com/678170788902a9e8a4619459/6849f1ad9b9fdb792bee1d85_image3.jpeg,7c2e350ea6354c7e27f715e8c860a793d76b3a512294698c5cd334d3f502ba62,176995,7c2e350ea6354c7e__6849f1ad9b9fdb792bee1d85-image3.jpeg
https://cdn.prod.website-files.com/678170788902a9e8a4619459/6849f1ad9b9fdb792bee1d88_image2.jpeg,f327862beed8841c258dc6a1bf0746b83c4b3886a2e13c9b8222db6411cf45d9,131435,f327862beed8841c__6849f1ad9b9fdb792bee1d88-image2.jpeg
https://cdn.prod.website-files.com/678170788902a9e8a4619459/6849f1ad9b9fdb792bee1d8b_image11.jpeg,2c04bfc11791c02d1bc57429ebd71a91b47a03aa8620d76c71e60750973e64a5,135571,2c04bfc11791c02d__6849f1ad9b9fdb792bee1d8b-image11.jpeg
https://cdn.prod.website-files.com/678170788902a9e8a4619459/6849f1ad9b9fdb792bee1d8e_image3.jpeg,7c2e350ea6354c7e27f715e8c860a793d76b3a512294698c5cd334d3f502ba62,176995,7c2e350ea6354c7e__6849f1ad9b9fdb792bee1d8e-image3.jpeg
https://cdn.prod.website-files.com/678170788902a9e8a4619459/6849f1ad9b9fdb792bee1d91_image14.jpeg,6c5c5f0e081520be9b9727d6de183c7f41df7aee53047f78501e0286b0feb63c,106501,6c5c5f0e081520be__6849f1ad9b9fdb792bee1d91-image14.jpeg
https://cdn.prod.website-files.com/678170788902a9e8a4619459/6849f1ad9b9fdb792bee1dce_image8.jpeg,b46838771e10fe4a3a81be5966bc7f7cb0a56011e55c1a2e978398ce867ccff2,39036,b46838771e10fe4a__6849f1ad9b9fdb792bee1dce-image8.jpeg
