url,filename,referenciado_en
https://cdn.prod.website-files.com/6650fd2c16620e74c47757f6/6658e5a9a386bf0eb1b0c6a0_Main-Picture-p-1080.jpg,6658e5a9a386bf0eb1b0c6a0_Main-Picture-p-1080.jpg,/
https://cdn.prod.website-files.com/6650fd2c16620e74c47757f6/6658e5a9a386bf0eb1b0c6a0_Main-Picture-p-1600.jpg,6658e5a9a386bf0eb1b0c6a0_Main-Picture-p-1600.jpg,/
https://cdn.prod.website-files.com/6650fd2c16620e74c47757f6/6658e5a9a386bf0eb1b0c6a0_Main-Picture-p-500.jpg,6658e5a9a386bf0eb1b0c6a0_Main-Picture-p-500.jpg,/
https://cdn.prod.website-files.com/6650fd2c16620e74c47757f6/6658e5a9a386bf0eb1b0c6a0_Main-Picture-p-800.jpg,6658e5a9a386bf0eb1b0c6a0_Main-Picture-p-800.jpg,/
https://cdn.prod.website-files.com/6650fd2c16620e74c47757f6/6658e5a9a386bf0eb1b0c6a0_Main-Picture.jpg,6658e5a9a386bf0eb1b0c6a0_Main-Picture.jpg,/
https://cdn.prod.website-files.com/6650fd2c16620e74c47757f6/6659037c0fab9f0937fe7130_picture-p-1080.png,6659037c0fab9f0937fe7130_picture-p-1080.png,/ /about-us /blog-news /contact-us /post/common-tax-mistakes /post/navigating-business-expenses /post/preparing-for-tax-season /post/retirement-planning-and-taxes /post/tax-credits-explained /post/tax-implications-of-investing /post/tax-planning-strategies /post/understanding-cryptocurrency-taxes /post/understanding-sales-tax /post/understanding-tax-deductions /services/audit-assistance /services/bilingual-services-english-spanish /services/business-incorporation-in-florida /services/corporate-tax-preparation /services/employer-identification-number-application /services/financial-statement-preparation /services/itin-application-irs-tax-id /services/monthly-bookkeeping-accounting /services/notary-public-services /services/personal-tax-preparation /services/representation-before-the-irs /services/sales-tax-filing-7k40q
https://cdn.prod.website-files.com/6650fd2c16620e74c47757f6/6659037c0fab9f0937fe7130_picture-p-500.png,6659037c0fab9f0937fe7130_picture-p-500.png,/ /about-us /blog-news /contact-us /post/common-tax-mistakes /post/navigating-business-expenses /post/preparing-for-tax-season /post/retirement-planning-and-taxes /post/tax-credits-explained /post/tax-implications-of-investing /post/tax-planning-strategies /post/understanding-cryptocurrency-taxes /post/understanding-sales-tax /post/understanding-tax-deductions /services/audit-assistance /services/bilingual-services-english-spanish /services/business-incorporation-in-florida /services/corporate-tax-preparation /services/employer-identification-number-application /services/financial-statement-preparation /services/itin-application-irs-tax-id /services/monthly-bookkeeping-accounting /services/notary-public-services /services/personal-tax-preparation /services/representation-before-the-irs /services/sales-tax-filing-7k40q
https://cdn.prod.website-files.com/6650fd2c16620e74c47757f6/6659037c0fab9f0937fe7130_picture-p-800.png,6659037c0fab9f0937fe7130_picture-p-800.png,/ /about-us /blog-news /contact-us /post/common-tax-mistakes /post/navigating-business-expenses /post/preparing-for-tax-season /post/retirement-planning-and-taxes /post/tax-credits-explained /post/tax-implications-of-investing /post/tax-planning-strategies /post/understanding-cryptocurrency-taxes /post/understanding-sales-tax /post/understanding-tax-deductions /services/audit-assistance /services/bilingual-services-english-spanish /services/business-incorporation-in-florida /services/corporate-tax-preparation /services/employer-identification-number-application /services/financial-statement-preparation /services/itin-application-irs-tax-id /services/monthly-bookkeeping-accounting /services/notary-public-services /services/personal-tax-preparation /services/representation-before-the-irs /services/sales-tax-filing-7k40q
https://cdn.prod.website-files.com/6650fd2c16620e74c47757f6/6659037c0fab9f0937fe7130_picture.png,6659037c0fab9f0937fe7130_picture.png,/ /about-us /blog-news /contact-us /post/common-tax-mistakes /post/navigating-business-expenses /post/preparing-for-tax-season /post/retirement-planning-and-taxes /post/tax-credits-explained /post/tax-implications-of-investing /post/tax-planning-strategies /post/understanding-cryptocurrency-taxes /post/understanding-sales-tax /post/understanding-tax-deductions /services/audit-assistance /services/bilingual-services-english-spanish /services/business-incorporation-in-florida /services/corporate-tax-preparation /services/employer-identification-number-application /services/financial-statement-preparation /services/itin-application-irs-tax-id /services/monthly-bookkeeping-accounting /services/notary-public-services /services/personal-tax-preparation /services/representation-before-the-irs /services/sales-tax-filing-7k40q
https://cdn.prod.website-files.com/6650fd2c16620e74c47757f6/66591cff761a876e791ad585_1-p-1080.png,66591cff761a876e791ad585_1-p-1080.png,/ /services/audit-assistance /services/bilingual-services-english-spanish /services/business-incorporation-in-florida /services/corporate-tax-preparation /services/employer-identification-number-application /services/financial-statement-preparation /services/itin-application-irs-tax-id /services/monthly-bookkeeping-accounting /services/notary-public-services /services/personal-tax-preparation /services/representation-before-the-irs /services/sales-tax-filing-7k40q
https://cdn.prod.website-files.com/6650fd2c16620e74c47757f6/66591cff761a876e791ad585_1-p-500.png,66591cff761a876e791ad585_1-p-500.png,/ /services/audit-assistance /services/bilingual-services-english-spanish /services/business-incorporation-in-florida /services/corporate-tax-preparation /services/employer-identification-number-application /services/financial-statement-preparation /services/itin-application-irs-tax-id /services/monthly-bookkeeping-accounting /services/notary-public-services /services/personal-tax-preparation /services/representation-before-the-irs /services/sales-tax-filing-7k40q
https://cdn.prod.website-files.com/6650fd2c16620e74c47757f6/66591cff761a876e791ad585_1-p-800.png,66591cff761a876e791ad585_1-p-800.png,/ /services/audit-assistance /services/bilingual-services-english-spanish /services/business-incorporation-in-florida /services/corporate-tax-preparation /services/employer-identification-number-application /services/financial-statement-preparation /services/itin-application-irs-tax-id /services/monthly-bookkeeping-accounting /services/notary-public-services /services/personal-tax-preparation /services/representation-before-the-irs /services/sales-tax-filing-7k40q
https://cdn.prod.website-files.com/6650fd2c16620e74c47757f6/66591cff761a876e791ad585_1.png,66591cff761a876e791ad585_1.png,/ /services/audit-assistance /services/bilingual-services-english-spanish /services/business-incorporation-in-florida /services/corporate-tax-preparation /services/employer-identification-number-application /services/financial-statement-preparation /services/itin-application-irs-tax-id /services/monthly-bookkeeping-accounting /services/notary-public-services /services/personal-tax-preparation /services/representation-before-the-irs /services/sales-tax-filing-7k40q
https://cdn.prod.website-files.com/6650fd2c16620e74c47757f6/66591defc9bd4c2b2a6fd8c8_2-p-1080.png,66591defc9bd4c2b2a6fd8c8_2-p-1080.png,/ /services/audit-assistance /services/bilingual-services-english-spanish /services/business-incorporation-in-florida /services/corporate-tax-preparation /services/employer-identification-number-application /services/financial-statement-preparation /services/itin-application-irs-tax-id /services/monthly-bookkeeping-accounting /services/notary-public-services /services/personal-tax-preparation /services/representation-before-the-irs /services/sales-tax-filing-7k40q
https://cdn.prod.website-files.com/6650fd2c16620e74c47757f6/66591defc9bd4c2b2a6fd8c8_2-p-500.png,66591defc9bd4c2b2a6fd8c8_2-p-500.png,/ /services/audit-assistance /services/bilingual-services-english-spanish /services/business-incorporation-in-florida /services/corporate-tax-preparation /services/employer-identification-number-application /services/financial-statement-preparation /services/itin-application-irs-tax-id /services/monthly-bookkeeping-accounting /services/notary-public-services /services/personal-tax-preparation /services/representation-before-the-irs /services/sales-tax-filing-7k40q
https://cdn.prod.website-files.com/6650fd2c16620e74c47757f6/66591defc9bd4c2b2a6fd8c8_2-p-800.png,66591defc9bd4c2b2a6fd8c8_2-p-800.png,/ /services/audit-assistance /services/bilingual-services-english-spanish /services/business-incorporation-in-florida /services/corporate-tax-preparation /services/employer-identification-number-application /services/financial-statement-preparation /services/itin-application-irs-tax-id /services/monthly-bookkeeping-accounting /services/notary-public-services /services/personal-tax-preparation /services/representation-before-the-irs /services/sales-tax-filing-7k40q
https://cdn.prod.website-files.com/6650fd2c16620e74c47757f6/66591defc9bd4c2b2a6fd8c8_2.png,66591defc9bd4c2b2a6fd8c8_2.png,/ /services/audit-assistance /services/bilingual-services-english-spanish /services/business-incorporation-in-florida /services/corporate-tax-preparation /services/employer-identification-number-application /services/financial-statement-preparation /services/itin-application-irs-tax-id /services/monthly-bookkeeping-accounting /services/notary-public-services /services/personal-tax-preparation /services/representation-before-the-irs /services/sales-tax-filing-7k40q
https://cdn.prod.website-files.com/6650fd2c16620e74c47757f6/66591fc962e8774f9117068b_3-p-1080.png,66591fc962e8774f9117068b_3-p-1080.png,/ /services/audit-assistance /services/bilingual-services-english-spanish /services/business-incorporation-in-florida /services/corporate-tax-preparation /services/employer-identification-number-application /services/financial-statement-preparation /services/itin-application-irs-tax-id /services/monthly-bookkeeping-accounting /services/notary-public-services /services/personal-tax-preparation /services/representation-before-the-irs /services/sales-tax-filing-7k40q
https://cdn.prod.website-files.com/6650fd2c16620e74c47757f6/66591fc962e8774f9117068b_3-p-500.png,66591fc962e8774f9117068b_3-p-500.png,/ /services/audit-assistance /services/bilingual-services-english-spanish /services/business-incorporation-in-florida /services/corporate-tax-preparation /services/employer-identification-number-application /services/financial-statement-preparation /services/itin-application-irs-tax-id /services/monthly-bookkeeping-accounting /services/notary-public-services /services/personal-tax-preparation /services/representation-before-the-irs /services/sales-tax-filing-7k40q
https://cdn.prod.website-files.com/6650fd2c16620e74c47757f6/66591fc962e8774f9117068b_3-p-800.png,66591fc962e8774f9117068b_3-p-800.png,/ /services/audit-assistance /services/bilingual-services-english-spanish /services/business-incorporation-in-florida /services/corporate-tax-preparation /services/employer-identification-number-application /services/financial-statement-preparation /services/itin-application-irs-tax-id /services/monthly-bookkeeping-accounting /services/notary-public-services /services/personal-tax-preparation /services/representation-before-the-irs /services/sales-tax-filing-7k40q
https://cdn.prod.website-files.com/6650fd2c16620e74c47757f6/66591fc962e8774f9117068b_3.png,66591fc962e8774f9117068b_3.png,/ /services/audit-assistance /services/bilingual-services-english-spanish /services/business-incorporation-in-florida /services/corporate-tax-preparation /services/employer-identification-number-application /services/financial-statement-preparation /services/itin-application-irs-tax-id /services/monthly-bookkeeping-accounting /services/notary-public-services /services/personal-tax-preparation /services/representation-before-the-irs /services/sales-tax-filing-7k40q
https://cdn.prod.website-files.com/6650fd2c16620e74c47757f6/67350550270472b1de28dba3_Link.svg,67350550270472b1de28dba3_Link.svg,/ /about-us /blog-news /contact-us /post/common-tax-mistakes /post/navigating-business-expenses /post/preparing-for-tax-season /post/retirement-planning-and-taxes /post/tax-credits-explained /post/tax-implications-of-investing /post/tax-planning-strategies /post/understanding-cryptocurrency-taxes /post/understanding-sales-tax /post/understanding-tax-deductions /services/audit-assistance /services/bilingual-services-english-spanish /services/business-incorporation-in-florida /services/corporate-tax-preparation /services/employer-identification-number-application /services/financial-statement-preparation /services/itin-application-irs-tax-id /services/monthly-bookkeeping-accounting /services/notary-public-services /services/personal-tax-preparation /services/representation-before-the-irs /services/sales-tax-filing-7k40q
https://cdn.prod.website-files.com/6650fd2c16620e74c47757f6/673505503e9787a64371059f_Face.svg,673505503e9787a64371059f_Face.svg,/ /about-us /blog-news /contact-us /post/common-tax-mistakes /post/navigating-business-expenses /post/preparing-for-tax-season /post/retirement-planning-and-taxes /post/tax-credits-explained /post/tax-implications-of-investing /post/tax-planning-strategies /post/understanding-cryptocurrency-taxes /post/understanding-sales-tax /post/understanding-tax-deductions /services/audit-assistance /services/bilingual-services-english-spanish /services/business-incorporation-in-florida /services/corporate-tax-preparation /services/employer-identification-number-application /services/financial-statement-preparation /services/itin-application-irs-tax-id /services/monthly-bookkeeping-accounting /services/notary-public-services /services/personal-tax-preparation /services/representation-before-the-irs /services/sales-tax-filing-7k40q
https://cdn.prod.website-files.com/6650fd2c16620e74c47757f6/67350550ecd34bc66b17cbe5_Insta.svg,67350550ecd34bc66b17cbe5_Insta.svg,/ /about-us /blog-news /contact-us /post/common-tax-mistakes /post/navigating-business-expenses /post/preparing-for-tax-season /post/retirement-planning-and-taxes /post/tax-credits-explained /post/tax-implications-of-investing /post/tax-planning-strategies /post/understanding-cryptocurrency-taxes /post/understanding-sales-tax /post/understanding-tax-deductions /services/audit-assistance /services/bilingual-services-english-spanish /services/business-incorporation-in-florida /services/corporate-tax-preparation /services/employer-identification-number-application /services/financial-statement-preparation /services/itin-application-irs-tax-id /services/monthly-bookkeeping-accounting /services/notary-public-services /services/personal-tax-preparation /services/representation-before-the-irs /services/sales-tax-filing-7k40q
https://cdn.prod.website-files.com/6650fd2c16620e74c47757f6/678076a8aa08ffbbdb095352_News.svg,678076a8aa08ffbbdb095352_News.svg,/ /about-us /blog-news /contact-us /post/common-tax-mistakes /post/navigating-business-expenses /post/preparing-for-tax-season /post/retirement-planning-and-taxes /post/tax-credits-explained /post/tax-implications-of-investing /post/tax-planning-strategies /post/understanding-cryptocurrency-taxes /post/understanding-sales-tax /post/understanding-tax-deductions /services/audit-assistance /services/bilingual-services-english-spanish /services/business-incorporation-in-florida /services/corporate-tax-preparation /services/employer-identification-number-application /services/financial-statement-preparation /services/itin-application-irs-tax-id /services/monthly-bookkeeping-accounting /services/notary-public-services /services/personal-tax-preparation /services/representation-before-the-irs /services/sales-tax-filing-7k40q
https://cdn.prod.website-files.com/6650fd2c16620e74c47757f6/678077e42e9acb0cea7a50aa_Logo White.svg,678077e42e9acb0cea7a50aa_Logo White.svg,/ /about-us /blog-news /contact-us /post/common-tax-mistakes /post/navigating-business-expenses /post/preparing-for-tax-season /post/retirement-planning-and-taxes /post/tax-credits-explained /post/tax-implications-of-investing /post/tax-planning-strategies /post/understanding-cryptocurrency-taxes /post/understanding-sales-tax /post/understanding-tax-deductions /services/audit-assistance /services/bilingual-services-english-spanish /services/business-incorporation-in-florida /services/corporate-tax-preparation /services/employer-identification-number-application /services/financial-statement-preparation /services/itin-application-irs-tax-id /services/monthly-bookkeeping-accounting /services/notary-public-services /services/personal-tax-preparation /services/representation-before-the-irs /services/sales-tax-filing-7k40q
https://cdn.prod.website-files.com/6650fd2c16620e74c47757f6/6780790e9529784dfd544ee0_Icon Top 1.svg,6780790e9529784dfd544ee0_Icon Top 1.svg,/ /about-us /blog-news /contact-us /post/common-tax-mistakes /post/navigating-business-expenses /post/preparing-for-tax-season /post/retirement-planning-and-taxes /post/tax-credits-explained /post/tax-implications-of-investing /post/tax-planning-strategies /post/understanding-cryptocurrency-taxes /post/understanding-sales-tax /post/understanding-tax-deductions /services/audit-assistance /services/bilingual-services-english-spanish /services/business-incorporation-in-florida /services/corporate-tax-preparation /services/employer-identification-number-application /services/financial-statement-preparation /services/itin-application-irs-tax-id /services/monthly-bookkeeping-accounting /services/notary-public-services /services/personal-tax-preparation /services/representation-before-the-irs /services/sales-tax-filing-7k40q
https://cdn.prod.website-files.com/6650fd2c16620e74c47757f6/6780790ea76025cecb2cbc00_Icon Top 2.svg,6780790ea76025cecb2cbc00_Icon Top 2.svg,/ /about-us /blog-news /contact-us /post/common-tax-mistakes /post/navigating-business-expenses /post/preparing-for-tax-season /post/retirement-planning-and-taxes /post/tax-credits-explained /post/tax-implications-of-investing /post/tax-planning-strategies /post/understanding-cryptocurrency-taxes /post/understanding-sales-tax /post/understanding-tax-deductions /services/audit-assistance /services/bilingual-services-english-spanish /services/business-incorporation-in-florida /services/corporate-tax-preparation /services/employer-identification-number-application /services/financial-statement-preparation /services/itin-application-irs-tax-id /services/monthly-bookkeeping-accounting /services/notary-public-services /services/personal-tax-preparation /services/representation-before-the-irs /services/sales-tax-filing-7k40q
https://cdn.prod.website-files.com/6650fd2c16620e74c47757f6/67807ad95e4e63e62cd9040e_Logo Black.svg,67807ad95e4e63e62cd9040e_Logo Black.svg,/ /about-us /blog-news /contact-us /post/common-tax-mistakes /post/navigating-business-expenses /post/preparing-for-tax-season /post/retirement-planning-and-taxes /post/tax-credits-explained /post/tax-implications-of-investing /post/tax-planning-strategies /post/understanding-cryptocurrency-taxes /post/understanding-sales-tax /post/understanding-tax-deductions /services/audit-assistance /services/bilingual-services-english-spanish /services/business-incorporation-in-florida /services/corporate-tax-preparation /services/employer-identification-number-application /services/financial-statement-preparation /services/itin-application-irs-tax-id /services/monthly-bookkeeping-accounting /services/notary-public-services /services/personal-tax-preparation /services/representation-before-the-irs /services/sales-tax-filing-7k40q
https://cdn.prod.website-files.com/6650fd2c16620e74c47757f6/6785bf353063de8bcbcf3dfc_Icon 13.svg,6785bf353063de8bcbcf3dfc_Icon 13.svg,/ /about-us /services/audit-assistance /services/bilingual-services-english-spanish /services/business-incorporation-in-florida /services/corporate-tax-preparation /services/employer-identification-number-application /services/financial-statement-preparation /services/itin-application-irs-tax-id /services/monthly-bookkeeping-accounting /services/notary-public-services /services/personal-tax-preparation /services/representation-before-the-irs /services/sales-tax-filing-7k40q
https://cdn.prod.website-files.com/6650fd2c16620e74c47757f6/6849e6147012d174d25cfab6_1700-N-University-Dr-Coral-Springs-FL-Aerial-2-LargeHighDefinition copia-p-1080.webp,6849e6147012d174d25cfab6_1700-N-University-Dr-Coral-Springs-FL-Aerial-2-LargeHighDefinition copia-p-1080.webp,/about-us
https://cdn.prod.website-files.com/6650fd2c16620e74c47757f6/6849e6147012d174d25cfab6_1700-N-University-Dr-Coral-Springs-FL-Aerial-2-LargeHighDefinition copia-p-500.webp,6849e6147012d174d25cfab6_1700-N-University-Dr-Coral-Springs-FL-Aerial-2-LargeHighDefinition copia-p-500.webp,/about-us
https://cdn.prod.website-files.com/6650fd2c16620e74c47757f6/6849e6147012d174d25cfab6_1700-N-University-Dr-Coral-Springs-FL-Aerial-2-LargeHighDefinition copia-p-800.webp,6849e6147012d174d25cfab6_1700-N-University-Dr-Coral-Springs-FL-Aerial-2-LargeHighDefinition copia-p-800.webp,/about-us
https://cdn.prod.website-files.com/6650fd2c16620e74c47757f6/6849e6147012d174d25cfab6_1700-N-University-Dr-Coral-Springs-FL-Aerial-2-LargeHighDefinition copia.webp,6849e6147012d174d25cfab6_1700-N-University-Dr-Coral-Springs-FL-Aerial-2-LargeHighDefinition copia.webp,/about-us
https://cdn.prod.website-files.com/6650fd2c16620e74c47757f6/684a14073e3e3c127cc2a314_Logo Google Reviews.svg,684a14073e3e3c127cc2a314_Logo Google Reviews.svg,/ /services/audit-assistance /services/bilingual-services-english-spanish /services/business-incorporation-in-florida /services/corporate-tax-preparation /services/employer-identification-number-application /services/financial-statement-preparation /services/itin-application-irs-tax-id /services/monthly-bookkeeping-accounting /services/notary-public-services /services/personal-tax-preparation /services/representation-before-the-irs /services/sales-tax-filing-7k40q
https://cdn.prod.website-files.com/6650fd2c16620e74c47757f6/684a14073e3e3c127cc2a315_Starts.svg,684a14073e3e3c127cc2a315_Starts.svg,/ /services/audit-assistance /services/bilingual-services-english-spanish /services/business-incorporation-in-florida /services/corporate-tax-preparation /services/employer-identification-number-application /services/financial-statement-preparation /services/itin-application-irs-tax-id /services/monthly-bookkeeping-accounting /services/notary-public-services /services/personal-tax-preparation /services/representation-before-the-irs /services/sales-tax-filing-7k40q
https://cdn.prod.website-files.com/6650fd2c16620e74c47757f6/684a15893000dfa033be0899_684a120d78059a4010848353_Arow.svg,684a15893000dfa033be0899_684a120d78059a4010848353_Arow.svg,/ /services/audit-assistance /services/bilingual-services-english-spanish /services/business-incorporation-in-florida /services/corporate-tax-preparation /services/employer-identification-number-application /services/financial-statement-preparation /services/itin-application-irs-tax-id /services/monthly-bookkeeping-accounting /services/notary-public-services /services/personal-tax-preparation /services/representation-before-the-irs /services/sales-tax-filing-7k40q
https://cdn.prod.website-files.com/6650fd2c16620e74c47757f6/684a1669fd976a6d049678ef_check (1,684a1669fd976a6d049678ef_check (1,/contact-us
https://cdn.prod.website-files.com/6650fd2c16620e74c47757f6/684a1669fd976a6d049678ef_check%20(1,684a1669fd976a6d049678ef_check%20(1,/contact-us
https://cdn.prod.website-files.com/6650fd2c16620e74c47757f6/68701233f93e3383147d1a60_validation.png,68701233f93e3383147d1a60_validation.png,/about-us
https://cdn.prod.website-files.com/6650fd2c16620e74c47757f6/6870123fd6bfee6489fdaeac_bilingual.png,6870123fd6bfee6489fdaeac_bilingual.png,/about-us
https://cdn.prod.website-files.com/6650fd2c16620e74c47757f6/6870124c5e68d92f652dbf9d_financial-statement-p-500.png,6870124c5e68d92f652dbf9d_financial-statement-p-500.png,/about-us
https://cdn.prod.website-files.com/6650fd2c16620e74c47757f6/6870124c5e68d92f652dbf9d_financial-statement.png,6870124c5e68d92f652dbf9d_financial-statement.png,/about-us
https://cdn.prod.website-files.com/6650fd2c16620e74c47757f6/68701296d6420dd033c71c8d_satisfaction.png,68701296d6420dd033c71c8d_satisfaction.png,/about-us
https://cdn.prod.website-files.com/6650fd2c16620e74c47757f6/6870159e4206bf0d27b834a9_MIssion-p-1080.webp,6870159e4206bf0d27b834a9_MIssion-p-1080.webp,/about-us
https://cdn.prod.website-files.com/6650fd2c16620e74c47757f6/6870159e4206bf0d27b834a9_MIssion-p-500.webp,6870159e4206bf0d27b834a9_MIssion-p-500.webp,/about-us
https://cdn.prod.website-files.com/6650fd2c16620e74c47757f6/6870159e4206bf0d27b834a9_MIssion-p-800.webp,6870159e4206bf0d27b834a9_MIssion-p-800.webp,/about-us
https://cdn.prod.website-files.com/6650fd2c16620e74c47757f6/6870159e4206bf0d27b834a9_MIssion.webp,6870159e4206bf0d27b834a9_MIssion.webp,/about-us
https://cdn.prod.website-files.com/6650fd2c16620e74c47757f6/6870159ea2fefa14c4296c25_Vision-p-1080.webp,6870159ea2fefa14c4296c25_Vision-p-1080.webp,/about-us
https://cdn.prod.website-files.com/6650fd2c16620e74c47757f6/6870159ea2fefa14c4296c25_Vision-p-500.webp,6870159ea2fefa14c4296c25_Vision-p-500.webp,/about-us
https://cdn.prod.website-files.com/6650fd2c16620e74c47757f6/6870159ea2fefa14c4296c25_Vision-p-800.webp,6870159ea2fefa14c4296c25_Vision-p-800.webp,/about-us
https://cdn.prod.website-files.com/6650fd2c16620e74c47757f6/6870159ea2fefa14c4296c25_Vision.webp,6870159ea2fefa14c4296c25_Vision.webp,/about-us
https://cdn.prod.website-files.com/6650fd2c16620e74c47757f6/687016debfe3ef2db438a9c2_Favicon-1.png,687016debfe3ef2db438a9c2_Favicon-1.png,/ /about-us /blog-news /contact-us /post/common-tax-mistakes /post/navigating-business-expenses /post/preparing-for-tax-season /post/retirement-planning-and-taxes /post/tax-credits-explained /post/tax-implications-of-investing /post/tax-planning-strategies /post/understanding-cryptocurrency-taxes /post/understanding-sales-tax /post/understanding-tax-deductions /services/audit-assistance /services/bilingual-services-english-spanish /services/business-incorporation-in-florida /services/corporate-tax-preparation /services/employer-identification-number-application /services/financial-statement-preparation /services/itin-application-irs-tax-id /services/monthly-bookkeeping-accounting /services/notary-public-services /services/personal-tax-preparation /services/representation-before-the-irs /services/sales-tax-filing-7k40q
https://cdn.prod.website-files.com/6650fd2c16620e74c47757f6/687016e1a263092297ac6653_FAvicon-2.png,687016e1a263092297ac6653_FAvicon-2.png,/ /about-us /blog-news /contact-us /post/common-tax-mistakes /post/navigating-business-expenses /post/preparing-for-tax-season /post/retirement-planning-and-taxes /post/tax-credits-explained /post/tax-implications-of-investing /post/tax-planning-strategies /post/understanding-cryptocurrency-taxes /post/understanding-sales-tax /post/understanding-tax-deductions /services/audit-assistance /services/bilingual-services-english-spanish /services/business-incorporation-in-florida /services/corporate-tax-preparation /services/employer-identification-number-application /services/financial-statement-preparation /services/itin-application-irs-tax-id /services/monthly-bookkeeping-accounting /services/notary-public-services /services/personal-tax-preparation /services/representation-before-the-irs /services/sales-tax-filing-7k40q
https://cdn.prod.website-files.com/6650fd2c16620e74c47757f6/css/accounting-max-services.webflow.shared.b58bed75d.css,accounting-max-services.webflow.shared.b58bed75d.css,/ /about-us /blog-news /contact-us /post/common-tax-mistakes /post/navigating-business-expenses /post/preparing-for-tax-season /post/retirement-planning-and-taxes /post/tax-credits-explained /post/tax-implications-of-investing /post/tax-planning-strategies /post/understanding-cryptocurrency-taxes /post/understanding-sales-tax /post/understanding-tax-deductions /services/audit-assistance /services/bilingual-services-english-spanish /services/business-incorporation-in-florida /services/corporate-tax-preparation /services/employer-identification-number-application /services/financial-statement-preparation /services/itin-application-irs-tax-id /services/monthly-bookkeeping-accounting /services/notary-public-services /services/personal-tax-preparation /services/representation-before-the-irs /services/sales-tax-filing-7k40q
https://cdn.prod.website-files.com/6650fd2c16620e74c47757f6/js/webflow.3932840c.e7ad881c041701f0.js,webflow.3932840c.e7ad881c041701f0.js,/ /about-us /blog-news /contact-us /post/common-tax-mistakes /post/navigating-business-expenses /post/preparing-for-tax-season /post/retirement-planning-and-taxes /post/tax-credits-explained /post/tax-implications-of-investing /post/tax-planning-strategies /post/understanding-cryptocurrency-taxes /post/understanding-sales-tax /post/understanding-tax-deductions /services/audit-assistance /services/bilingual-services-english-spanish /services/business-incorporation-in-florida /services/corporate-tax-preparation /services/employer-identification-number-application /services/financial-statement-preparation /services/itin-application-irs-tax-id /services/monthly-bookkeeping-accounting /services/notary-public-services /services/personal-tax-preparation /services/representation-before-the-irs /services/sales-tax-filing-7k40q
https://cdn.prod.website-files.com/6650fd2c16620e74c47757f6/js/webflow.schunk.36b8fb49256177c8.js,webflow.schunk.36b8fb49256177c8.js,/ /about-us /blog-news /contact-us /post/common-tax-mistakes /post/navigating-business-expenses /post/preparing-for-tax-season /post/retirement-planning-and-taxes /post/tax-credits-explained /post/tax-implications-of-investing /post/tax-planning-strategies /post/understanding-cryptocurrency-taxes /post/understanding-sales-tax /post/understanding-tax-deductions /services/audit-assistance /services/bilingual-services-english-spanish /services/business-incorporation-in-florida /services/corporate-tax-preparation /services/employer-identification-number-application /services/financial-statement-preparation /services/itin-application-irs-tax-id /services/monthly-bookkeeping-accounting /services/notary-public-services /services/personal-tax-preparation /services/representation-before-the-irs /services/sales-tax-filing-7k40q
https://cdn.prod.website-files.com/678170788902a9e8a4619459/6785b5e2c83aea3eecd47da2_Icon 1.svg,6785b5e2c83aea3eecd47da2_Icon 1.svg,/ /about-us /blog-news /contact-us /post/common-tax-mistakes /post/navigating-business-expenses /post/preparing-for-tax-season /post/retirement-planning-and-taxes /post/tax-credits-explained /post/tax-implications-of-investing /post/tax-planning-strategies /post/understanding-cryptocurrency-taxes /post/understanding-sales-tax /post/understanding-tax-deductions /services/audit-assistance /services/bilingual-services-english-spanish /services/business-incorporation-in-florida /services/corporate-tax-preparation /services/employer-identification-number-application /services/financial-statement-preparation /services/itin-application-irs-tax-id /services/monthly-bookkeeping-accounting /services/notary-public-services /services/personal-tax-preparation /services/representation-before-the-irs /services/sales-tax-filing-7k40q
https://cdn.prod.website-files.com/678170788902a9e8a4619459/6785b61ec95c333da5f43080_Icon 2.svg,6785b61ec95c333da5f43080_Icon 2.svg,/ /about-us /blog-news /contact-us /post/common-tax-mistakes /post/navigating-business-expenses /post/preparing-for-tax-season /post/retirement-planning-and-taxes /post/tax-credits-explained /post/tax-implications-of-investing /post/tax-planning-strategies /post/understanding-cryptocurrency-taxes /post/understanding-sales-tax /post/understanding-tax-deductions /services/audit-assistance /services/bilingual-services-english-spanish /services/business-incorporation-in-florida /services/corporate-tax-preparation /services/employer-identification-number-application /services/financial-statement-preparation /services/itin-application-irs-tax-id /services/monthly-bookkeeping-accounting /services/notary-public-services /services/personal-tax-preparation /services/representation-before-the-irs /services/sales-tax-filing-7k40q
https://cdn.prod.website-files.com/678170788902a9e8a4619459/6785b6446164055eec401d0b_Icon 3.svg,6785b6446164055eec401d0b_Icon 3.svg,/ /about-us /blog-news /contact-us /post/common-tax-mistakes /post/navigating-business-expenses /post/preparing-for-tax-season /post/retirement-planning-and-taxes /post/tax-credits-explained /post/tax-implications-of-investing /post/tax-planning-strategies /post/understanding-cryptocurrency-taxes /post/understanding-sales-tax /post/understanding-tax-deductions /services/audit-assistance /services/bilingual-services-english-spanish /services/business-incorporation-in-florida /services/corporate-tax-preparation /services/employer-identification-number-application /services/financial-statement-preparation /services/itin-application-irs-tax-id /services/monthly-bookkeeping-accounting /services/notary-public-services /services/personal-tax-preparation /services/representation-before-the-irs /services/sales-tax-filing-7k40q
https://cdn.prod.website-files.com/678170788902a9e8a4619459/6785b66fa1a91b4448ce1223_Icon 4.svg,6785b66fa1a91b4448ce1223_Icon 4.svg,/ /about-us /blog-news /contact-us /post/common-tax-mistakes /post/navigating-business-expenses /post/preparing-for-tax-season /post/retirement-planning-and-taxes /post/tax-credits-explained /post/tax-implications-of-investing /post/tax-planning-strategies /post/understanding-cryptocurrency-taxes /post/understanding-sales-tax /post/understanding-tax-deductions /services/audit-assistance /services/bilingual-services-english-spanish /services/business-incorporation-in-florida /services/corporate-tax-preparation /services/employer-identification-number-application /services/financial-statement-preparation /services/itin-application-irs-tax-id /services/monthly-bookkeeping-accounting /services/notary-public-services /services/personal-tax-preparation /services/representation-before-the-irs /services/sales-tax-filing-7k40q
https://cdn.prod.website-files.com/678170788902a9e8a4619459/6785b684f461d8504462ebd9_Icon 5.svg,6785b684f461d8504462ebd9_Icon 5.svg,/ /about-us /blog-news /contact-us /post/common-tax-mistakes /post/navigating-business-expenses /post/preparing-for-tax-season /post/retirement-planning-and-taxes /post/tax-credits-explained /post/tax-implications-of-investing /post/tax-planning-strategies /post/understanding-cryptocurrency-taxes /post/understanding-sales-tax /post/understanding-tax-deductions /services/audit-assistance /services/bilingual-services-english-spanish /services/business-incorporation-in-florida /services/corporate-tax-preparation /services/employer-identification-number-application /services/financial-statement-preparation /services/itin-application-irs-tax-id /services/monthly-bookkeeping-accounting /services/notary-public-services /services/personal-tax-preparation /services/representation-before-the-irs /services/sales-tax-filing-7k40q
https://cdn.prod.website-files.com/678170788902a9e8a4619459/6785b6a09e1cbf949b983ecb_Icon 6.svg,6785b6a09e1cbf949b983ecb_Icon 6.svg,/ /about-us /blog-news /contact-us /post/common-tax-mistakes /post/navigating-business-expenses /post/preparing-for-tax-season /post/retirement-planning-and-taxes /post/tax-credits-explained /post/tax-implications-of-investing /post/tax-planning-strategies /post/understanding-cryptocurrency-taxes /post/understanding-sales-tax /post/understanding-tax-deductions /services/audit-assistance /services/bilingual-services-english-spanish /services/business-incorporation-in-florida /services/corporate-tax-preparation /services/employer-identification-number-application /services/financial-statement-preparation /services/itin-application-irs-tax-id /services/monthly-bookkeeping-accounting /services/notary-public-services /services/personal-tax-preparation /services/representation-before-the-irs /services/sales-tax-filing-7k40q
https://cdn.prod.website-files.com/678170788902a9e8a4619459/6785b6b90149cc0929071216_Icon 7.svg,6785b6b90149cc0929071216_Icon 7.svg,/ /about-us /blog-news /contact-us /post/common-tax-mistakes /post/navigating-business-expenses /post/preparing-for-tax-season /post/retirement-planning-and-taxes /post/tax-credits-explained /post/tax-implications-of-investing /post/tax-planning-strategies /post/understanding-cryptocurrency-taxes /post/understanding-sales-tax /post/understanding-tax-deductions /services/audit-assistance /services/bilingual-services-english-spanish /services/business-incorporation-in-florida /services/corporate-tax-preparation /services/employer-identification-number-application /services/financial-statement-preparation /services/itin-application-irs-tax-id /services/monthly-bookkeeping-accounting /services/notary-public-services /services/personal-tax-preparation /services/representation-before-the-irs /services/sales-tax-filing-7k40q
https://cdn.prod.website-files.com/678170788902a9e8a4619459/6785b73602a9f911b1751d71_Icon 8.svg,6785b73602a9f911b1751d71_Icon 8.svg,/ /about-us /blog-news /contact-us /post/common-tax-mistakes /post/navigating-business-expenses /post/preparing-for-tax-season /post/retirement-planning-and-taxes /post/tax-credits-explained /post/tax-implications-of-investing /post/tax-planning-strategies /post/understanding-cryptocurrency-taxes /post/understanding-sales-tax /post/understanding-tax-deductions /services/audit-assistance /services/bilingual-services-english-spanish /services/business-incorporation-in-florida /services/corporate-tax-preparation /services/employer-identification-number-application /services/financial-statement-preparation /services/itin-application-irs-tax-id /services/monthly-bookkeeping-accounting /services/notary-public-services /services/personal-tax-preparation /services/representation-before-the-irs /services/sales-tax-filing-7k40q
https://cdn.prod.website-files.com/678170788902a9e8a4619459/6785b76f02a9f911b17564eb_Icon 9.svg,6785b76f02a9f911b17564eb_Icon 9.svg,/ /about-us /blog-news /contact-us /post/common-tax-mistakes /post/navigating-business-expenses /post/preparing-for-tax-season /post/retirement-planning-and-taxes /post/tax-credits-explained /post/tax-implications-of-investing /post/tax-planning-strategies /post/understanding-cryptocurrency-taxes /post/understanding-sales-tax /post/understanding-tax-deductions /services/audit-assistance /services/bilingual-services-english-spanish /services/business-incorporation-in-florida /services/corporate-tax-preparation /services/employer-identification-number-application /services/financial-statement-preparation /services/itin-application-irs-tax-id /services/monthly-bookkeeping-accounting /services/notary-public-services /services/personal-tax-preparation /services/representation-before-the-irs /services/sales-tax-filing-7k40q
https://cdn.prod.website-files.com/678170788902a9e8a4619459/6785b7c8c4787dd5b64902bf_Icon 10.svg,6785b7c8c4787dd5b64902bf_Icon 10.svg,/ /about-us /blog-news /contact-us /post/common-tax-mistakes /post/navigating-business-expenses /post/preparing-for-tax-season /post/retirement-planning-and-taxes /post/tax-credits-explained /post/tax-implications-of-investing /post/tax-planning-strategies /post/understanding-cryptocurrency-taxes /post/understanding-sales-tax /post/understanding-tax-deductions /services/audit-assistance /services/bilingual-services-english-spanish /services/business-incorporation-in-florida /services/corporate-tax-preparation /services/employer-identification-number-application /services/financial-statement-preparation /services/itin-application-irs-tax-id /services/monthly-bookkeeping-accounting /services/notary-public-services /services/personal-tax-preparation /services/representation-before-the-irs /services/sales-tax-filing-7k40q
https://cdn.prod.website-files.com/678170788902a9e8a4619459/6785b7dca21997c199280a80_Icon 11.svg,6785b7dca21997c199280a80_Icon 11.svg,/ /about-us /blog-news /contact-us /post/common-tax-mistakes /post/navigating-business-expenses /post/preparing-for-tax-season /post/retirement-planning-and-taxes /post/tax-credits-explained /post/tax-implications-of-investing /post/tax-planning-strategies /post/understanding-cryptocurrency-taxes /post/understanding-sales-tax /post/understanding-tax-deductions /services/audit-assistance /services/bilingual-services-english-spanish /services/business-incorporation-in-florida /services/corporate-tax-preparation /services/employer-identification-number-application /services/financial-statement-preparation /services/itin-application-irs-tax-id /services/monthly-bookkeeping-accounting /services/notary-public-services /services/personal-tax-preparation /services/representation-before-the-irs /services/sales-tax-filing-7k40q
https://cdn.prod.website-files.com/678170788902a9e8a4619459/6785b7f9c95c333da5f5d460_Icon 12.svg,6785b7f9c95c333da5f5d460_Icon 12.svg,/ /about-us /blog-news /contact-us /post/common-tax-mistakes /post/navigating-business-expenses /post/preparing-for-tax-season /post/retirement-planning-and-taxes /post/tax-credits-explained /post/tax-implications-of-investing /post/tax-planning-strategies /post/understanding-cryptocurrency-taxes /post/understanding-sales-tax /post/understanding-tax-deductions /services/audit-assistance /services/bilingual-services-english-spanish /services/business-incorporation-in-florida /services/corporate-tax-preparation /services/employer-identification-number-application /services/financial-statement-preparation /services/itin-application-irs-tax-id /services/monthly-bookkeeping-accounting /services/notary-public-services /services/personal-tax-preparation /services/representation-before-the-irs /services/sales-tax-filing-7k40q
https://cdn.prod.website-files.com/678170788902a9e8a4619459/6794506375edc57c759b3e21_Bilingual Services English Spanish-p-1080.webp,6794506375edc57c759b3e21_Bilingual Services English Spanish-p-1080.webp,/services/bilingual-services-english-spanish
https://cdn.prod.website-files.com/678170788902a9e8a4619459/6794506375edc57c759b3e21_Bilingual Services English Spanish-p-500.webp,6794506375edc57c759b3e21_Bilingual Services English Spanish-p-500.webp,/services/bilingual-services-english-spanish
https://cdn.prod.website-files.com/678170788902a9e8a4619459/6794506375edc57c759b3e21_Bilingual Services English Spanish-p-800.webp,6794506375edc57c759b3e21_Bilingual Services English Spanish-p-800.webp,/services/bilingual-services-english-spanish
https://cdn.prod.website-files.com/678170788902a9e8a4619459/6794506375edc57c759b3e21_Bilingual Services English Spanish.webp,6794506375edc57c759b3e21_Bilingual Services English Spanish.webp,/services/bilingual-services-english-spanish
https://cdn.prod.website-files.com/678170788902a9e8a4619459/6794506c3d6035bcb0b845cd_Notary Public Services-p-1080.webp,6794506c3d6035bcb0b845cd_Notary Public Services-p-1080.webp,/services/notary-public-services
https://cdn.prod.website-files.com/678170788902a9e8a4619459/6794506c3d6035bcb0b845cd_Notary Public Services-p-500.webp,6794506c3d6035bcb0b845cd_Notary Public Services-p-500.webp,/services/notary-public-services
https://cdn.prod.website-files.com/678170788902a9e8a4619459/6794506c3d6035bcb0b845cd_Notary Public Services-p-800.webp,6794506c3d6035bcb0b845cd_Notary Public Services-p-800.webp,/services/notary-public-services
https://cdn.prod.website-files.com/678170788902a9e8a4619459/6794506c3d6035bcb0b845cd_Notary Public Services.webp,6794506c3d6035bcb0b845cd_Notary Public Services.webp,/services/notary-public-services
https://cdn.prod.website-files.com/678170788902a9e8a4619459/6794507adb7630acf0622858_Financial Statement Preparation-p-1080.webp,6794507adb7630acf0622858_Financial Statement Preparation-p-1080.webp,/services/financial-statement-preparation
https://cdn.prod.website-files.com/678170788902a9e8a4619459/6794507adb7630acf0622858_Financial Statement Preparation-p-500.webp,6794507adb7630acf0622858_Financial Statement Preparation-p-500.webp,/services/financial-statement-preparation
https://cdn.prod.website-files.com/678170788902a9e8a4619459/6794507adb7630acf0622858_Financial Statement Preparation-p-800.webp,6794507adb7630acf0622858_Financial Statement Preparation-p-800.webp,/services/financial-statement-preparation
https://cdn.prod.website-files.com/678170788902a9e8a4619459/6794507adb7630acf0622858_Financial Statement Preparation.webp,6794507adb7630acf0622858_Financial Statement Preparation.webp,/services/financial-statement-preparation
https://cdn.prod.website-files.com/678170788902a9e8a4619459/67945084d65025c48eca83fc_Monthly Bookkeeping & Accounting copia-p-1080.webp,67945084d65025c48eca83fc_Monthly Bookkeeping & Accounting copia-p-1080.webp,/services/monthly-bookkeeping-accounting
https://cdn.prod.website-files.com/678170788902a9e8a4619459/67945084d65025c48eca83fc_Monthly Bookkeeping & Accounting copia-p-500.webp,67945084d65025c48eca83fc_Monthly Bookkeeping & Accounting copia-p-500.webp,/services/monthly-bookkeeping-accounting
https://cdn.prod.website-files.com/678170788902a9e8a4619459/67945084d65025c48eca83fc_Monthly Bookkeeping & Accounting copia-p-800.webp,67945084d65025c48eca83fc_Monthly Bookkeeping & Accounting copia-p-800.webp,/services/monthly-bookkeeping-accounting
https://cdn.prod.website-files.com/678170788902a9e8a4619459/67945084d65025c48eca83fc_Monthly Bookkeeping & Accounting copia.webp,67945084d65025c48eca83fc_Monthly Bookkeeping & Accounting copia.webp,/services/monthly-bookkeeping-accounting
https://cdn.prod.website-files.com/678170788902a9e8a4619459/6794508c99275dc93718affe_Sales Tax Filing-p-1080.webp,6794508c99275dc93718affe_Sales Tax Filing-p-1080.webp,/services/sales-tax-filing-7k40q
https://cdn.prod.website-files.com/678170788902a9e8a4619459/6794508c99275dc93718affe_Sales Tax Filing-p-500.webp,6794508c99275dc93718affe_Sales Tax Filing-p-500.webp,/services/sales-tax-filing-7k40q
https://cdn.prod.website-files.com/678170788902a9e8a4619459/6794508c99275dc93718affe_Sales Tax Filing-p-800.webp,6794508c99275dc93718affe_Sales Tax Filing-p-800.webp,/services/sales-tax-filing-7k40q
https://cdn.prod.website-files.com/678170788902a9e8a4619459/6794508c99275dc93718affe_Sales Tax Filing.webp,6794508c99275dc93718affe_Sales Tax Filing.webp,/services/sales-tax-filing-7k40q
https://cdn.prod.website-files.com/678170788902a9e8a4619459/6794509201de3828a5dc7606_Audit Assistance-p-1080.webp,6794509201de3828a5dc7606_Audit Assistance-p-1080.webp,/services/audit-assistance
https://cdn.prod.website-files.com/678170788902a9e8a4619459/6794509201de3828a5dc7606_Audit Assistance-p-500.webp,6794509201de3828a5dc7606_Audit Assistance-p-500.webp,/services/audit-assistance
https://cdn.prod.website-files.com/678170788902a9e8a4619459/6794509201de3828a5dc7606_Audit Assistance-p-800.webp,6794509201de3828a5dc7606_Audit Assistance-p-800.webp,/services/audit-assistance
https://cdn.prod.website-files.com/678170788902a9e8a4619459/6794509201de3828a5dc7606_Audit Assistance.webp,6794509201de3828a5dc7606_Audit Assistance.webp,/services/audit-assistance
https://cdn.prod.website-files.com/678170788902a9e8a4619459/6794509908d9be124b99d8ad_Representation Before The IRS-p-1080.webp,6794509908d9be124b99d8ad_Representation Before The IRS-p-1080.webp,/services/representation-before-the-irs
https://cdn.prod.website-files.com/678170788902a9e8a4619459/6794509908d9be124b99d8ad_Representation Before The IRS-p-500.webp,6794509908d9be124b99d8ad_Representation Before The IRS-p-500.webp,/services/representation-before-the-irs
https://cdn.prod.website-files.com/678170788902a9e8a4619459/6794509908d9be124b99d8ad_Representation Before The IRS-p-800.webp,6794509908d9be124b99d8ad_Representation Before The IRS-p-800.webp,/services/representation-before-the-irs
https://cdn.prod.website-files.com/678170788902a9e8a4619459/6794509908d9be124b99d8ad_Representation Before The IRS.webp,6794509908d9be124b99d8ad_Representation Before The IRS.webp,/services/representation-before-the-irs
https://cdn.prod.website-files.com/678170788902a9e8a4619459/679450c39cc3c0bf31061a61_ITIN Application-p-1080.webp,679450c39cc3c0bf31061a61_ITIN Application-p-1080.webp,/services/itin-application-irs-tax-id
https://cdn.prod.website-files.com/678170788902a9e8a4619459/679450c39cc3c0bf31061a61_ITIN Application-p-500.webp,679450c39cc3c0bf31061a61_ITIN Application-p-500.webp,/services/itin-application-irs-tax-id
https://cdn.prod.website-files.com/678170788902a9e8a4619459/679450c39cc3c0bf31061a61_ITIN Application-p-800.webp,679450c39cc3c0bf31061a61_ITIN Application-p-800.webp,/services/itin-application-irs-tax-id
https://cdn.prod.website-files.com/678170788902a9e8a4619459/679450c39cc3c0bf31061a61_ITIN Application.webp,679450c39cc3c0bf31061a61_ITIN Application.webp,/services/itin-application-irs-tax-id
https://cdn.prod.website-files.com/678170788902a9e8a4619459/679450cb9d9e3571bd8d30c5_EIN Application-p-1080.webp,679450cb9d9e3571bd8d30c5_EIN Application-p-1080.webp,/services/employer-identification-number-application
https://cdn.prod.website-files.com/678170788902a9e8a4619459/679450cb9d9e3571bd8d30c5_EIN Application-p-500.webp,679450cb9d9e3571bd8d30c5_EIN Application-p-500.webp,/services/employer-identification-number-application
https://cdn.prod.website-files.com/678170788902a9e8a4619459/679450cb9d9e3571bd8d30c5_EIN Application-p-800.webp,679450cb9d9e3571bd8d30c5_EIN Application-p-800.webp,/services/employer-identification-number-application
https://cdn.prod.website-files.com/678170788902a9e8a4619459/679450cb9d9e3571bd8d30c5_EIN Application.webp,679450cb9d9e3571bd8d30c5_EIN Application.webp,/services/employer-identification-number-application
https://cdn.prod.website-files.com/678170788902a9e8a4619459/679450d1a5d4e9499ea7a3c0_Business Incorporation in Florida-p-1080.webp,679450d1a5d4e9499ea7a3c0_Business Incorporation in Florida-p-1080.webp,/services/business-incorporation-in-florida
https://cdn.prod.website-files.com/678170788902a9e8a4619459/679450d1a5d4e9499ea7a3c0_Business Incorporation in Florida-p-500.webp,679450d1a5d4e9499ea7a3c0_Business Incorporation in Florida-p-500.webp,/services/business-incorporation-in-florida
https://cdn.prod.website-files.com/678170788902a9e8a4619459/679450d1a5d4e9499ea7a3c0_Business Incorporation in Florida-p-800.webp,679450d1a5d4e9499ea7a3c0_Business Incorporation in Florida-p-800.webp,/services/business-incorporation-in-florida
https://cdn.prod.website-files.com/678170788902a9e8a4619459/679450d1a5d4e9499ea7a3c0_Business Incorporation in Florida.webp,679450d1a5d4e9499ea7a3c0_Business Incorporation in Florida.webp,/services/business-incorporation-in-florida
https://cdn.prod.website-files.com/678170788902a9e8a4619459/679450da83b266391389b758_personal taxes-p-1080.webp,679450da83b266391389b758_personal taxes-p-1080.webp,/services/personal-tax-preparation
https://cdn.prod.website-files.com/678170788902a9e8a4619459/679450da83b266391389b758_personal taxes-p-500.webp,679450da83b266391389b758_personal taxes-p-500.webp,/services/personal-tax-preparation
https://cdn.prod.website-files.com/678170788902a9e8a4619459/679450da83b266391389b758_personal taxes-p-800.webp,679450da83b266391389b758_personal taxes-p-800.webp,/services/personal-tax-preparation
https://cdn.prod.website-files.com/678170788902a9e8a4619459/679450da83b266391389b758_personal taxes.webp,679450da83b266391389b758_personal taxes.webp,/services/personal-tax-preparation
https://cdn.prod.website-files.com/678170788902a9e8a4619459/679450e0043fd3f235edffdf_Corporate Taxes-p-1080.webp,679450e0043fd3f235edffdf_Corporate Taxes-p-1080.webp,/services/corporate-tax-preparation
https://cdn.prod.website-files.com/678170788902a9e8a4619459/679450e0043fd3f235edffdf_Corporate Taxes-p-500.webp,679450e0043fd3f235edffdf_Corporate Taxes-p-500.webp,/services/corporate-tax-preparation
https://cdn.prod.website-files.com/678170788902a9e8a4619459/679450e0043fd3f235edffdf_Corporate Taxes-p-800.webp,679450e0043fd3f235edffdf_Corporate Taxes-p-800.webp,/services/corporate-tax-preparation
https://cdn.prod.website-files.com/678170788902a9e8a4619459/679450e0043fd3f235edffdf_Corporate Taxes.webp,679450e0043fd3f235edffdf_Corporate Taxes.webp,/services/corporate-tax-preparation
https://cdn.prod.website-files.com/678170788902a9e8a4619459/6849f1ad9b9fdb792bee1d57_image8.jpeg,6849f1ad9b9fdb792bee1d57_image8.jpeg,/post/tax-credits-explained
https://cdn.prod.website-files.com/678170788902a9e8a4619459/6849f1ad9b9fdb792bee1d5a_image9.jpeg,6849f1ad9b9fdb792bee1d5a_image9.jpeg,/post/retirement-planning-and-taxes
https://cdn.prod.website-files.com/678170788902a9e8a4619459/6849f1ad9b9fdb792bee1d5d_image13.jpeg,6849f1ad9b9fdb792bee1d5d_image13.jpeg,/post/tax-implications-of-investing
https://cdn.prod.website-files.com/678170788902a9e8a4619459/6849f1ad9b9fdb792bee1d60_image8.jpeg,6849f1ad9b9fdb792bee1d60_image8.jpeg,/blog-news
https://cdn.prod.website-files.com/678170788902a9e8a4619459/6849f1ad9b9fdb792bee1d63_image12.jpeg,6849f1ad9b9fdb792bee1d63_image12.jpeg,/blog-news
https://cdn.prod.website-files.com/678170788902a9e8a4619459/6849f1ad9b9fdb792bee1d66_image20.jpeg,6849f1ad9b9fdb792bee1d66_image20.jpeg,/blog-news
https://cdn.prod.website-files.com/678170788902a9e8a4619459/6849f1ad9b9fdb792bee1d69_image17.jpeg,6849f1ad9b9fdb792bee1d69_image17.jpeg,/blog-news
https://cdn.prod.website-files.com/678170788902a9e8a4619459/6849f1ad9b9fdb792bee1d6c_image20.jpeg,6849f1ad9b9fdb792bee1d6c_image20.jpeg,/blog-news
https://cdn.prod.website-files.com/678170788902a9e8a4619459/6849f1ad9b9fdb792bee1d6f_image15.jpeg,6849f1ad9b9fdb792bee1d6f_image15.jpeg,/blog-news
https://cdn.prod.website-files.com/678170788902a9e8a4619459/6849f1ad9b9fdb792bee1d72_image14.jpeg,6849f1ad9b9fdb792bee1d72_image14.jpeg,/blog-news
https://cdn.prod.website-files.com/678170788902a9e8a4619459/6849f1ad9b9fdb792bee1d79_image13.jpeg,6849f1ad9b9fdb792bee1d79_image13.jpeg,/post/navigating-business-expenses
https://cdn.prod.website-files.com/678170788902a9e8a4619459/6849f1ad9b9fdb792bee1d7c_image16.jpeg,6849f1ad9b9fdb792bee1d7c_image16.jpeg,/post/understanding-sales-tax
https://cdn.prod.website-files.com/678170788902a9e8a4619459/6849f1ad9b9fdb792bee1d7f_image11.jpeg,6849f1ad9b9fdb792bee1d7f_image11.jpeg,/blog-news
https://cdn.prod.website-files.com/678170788902a9e8a4619459/6849f1ad9b9fdb792bee1d82_image1.jpeg,6849f1ad9b9fdb792bee1d82_image1.jpeg,/blog-news
https://cdn.prod.website-files.com/678170788902a9e8a4619459/6849f1ad9b9fdb792bee1d85_image3.jpeg,6849f1ad9b9fdb792bee1d85_image3.jpeg,/post/preparing-for-tax-season
https://cdn.prod.website-files.com/678170788902a9e8a4619459/6849f1ad9b9fdb792bee1d88_image2.jpeg,6849f1ad9b9fdb792bee1d88_image2.jpeg,/blog-news
https://cdn.prod.website-files.com/678170788902a9e8a4619459/6849f1ad9b9fdb792bee1d8b_image11.jpeg,6849f1ad9b9fdb792bee1d8b_image11.jpeg,/post/understanding-tax-deductions
https://cdn.prod.website-files.com/678170788902a9e8a4619459/6849f1ad9b9fdb792bee1d8e_image3.jpeg,6849f1ad9b9fdb792bee1d8e_image3.jpeg,/post/tax-planning-strategies
https://cdn.prod.website-files.com/678170788902a9e8a4619459/6849f1ad9b9fdb792bee1d91_image14.jpeg,6849f1ad9b9fdb792bee1d91_image14.jpeg,/post/common-tax-mistakes
https://cdn.prod.website-files.com/678170788902a9e8a4619459/6849f1ad9b9fdb792bee1dce_image8.jpeg,6849f1ad9b9fdb792bee1dce_image8.jpeg,/post/understanding-cryptocurrency-taxes
https://cdn.prod.website-files.com/plugins/Basic/assets/placeholder.60f9b1840c.svg,placeholder.60f9b1840c.svg,/about-us
