ruta,status,title
/,200,Home
/about-us,200,About Us
/blog-news,200,Blog & News
/contact-us,200,Contact Us
/services/audit-assistance,200,Accounting Max Services
/services/bilingual-services-english-spanish,200,Accounting Max Services
/services/business-incorporation-in-florida,200,Accounting Max Services
/services/corporate-tax-preparation,200,Accounting Max Services
/services/employer-identification-number-application,200,Accounting Max Services
/services/financial-statement-preparation,200,Accounting Max Services
/services/itin-application-irs-tax-id,200,Accounting Max Services
/services/monthly-bookkeeping-accounting,200,Accounting Max Services
/services/notary-public-services,200,Accounting Max Services
/services/personal-tax-preparation,200,Accounting Max Services
/services/representation-before-the-irs,200,Accounting Max Services
/services/sales-tax-filing-7k40q,200,Accounting Max Services
/post/common-tax-mistakes,200,Accounting Max Services
/post/navigating-business-expenses,200,Accounting Max Services
/post/preparing-for-tax-season,200,Accounting Max Services
/post/retirement-planning-and-taxes,200,Accounting Max Services
/post/tax-credits-explained,200,Accounting Max Services
/post/tax-implications-of-investing,200,Accounting Max Services
/post/tax-planning-strategies,200,Accounting Max Services
/post/understanding-cryptocurrency-taxes,200,Accounting Max Services
/post/understanding-sales-tax,200,Accounting Max Services
/post/understanding-tax-deductions,200,Accounting Max Services
